{ "options" : { "flags" : 1 }, "indexes" : [ { "v" : 1, "key" : { "_id" : 1 }, "name" : "_id_", "ns" : "trabalho.posts" }, { "v" : 1, "key" : { "_fts" : "text", "_ftsx" : 1 }, "name" : "tweet_text", "ns" : "trabalho.posts", "weights" : { "tweet" : 1 }, "default_language" : "english", "language_override" : "language", "textIndexVersion" : 1 }, { "v" : 1, "key" : { "mes" : 1 }, "name" : "mes_1", "ns" : "trabalho.posts" }, { "v" : 1, "key" : { "ano" : 2 }, "name" : "ano_2", "ns" : "trabalho.posts" } ] }